date,geoloc,impressions,clicks,ctr
2018-10-12,87th Street,228,9,0.039473684210526314
2018-10-12,Clybourn,2179,73,0.033501606241395136
2018-10-12,Downer's Grove,2188,34,0.015539305301645339
2018-10-12,Glenview,1873,40,0.021356113187399894
2018-10-12,Homewood,1412,38,0.026912181303116147
2018-10-12,Libertyville,2253,49,0.02174877940523746
2018-10-12,Midtown,3052,101,0.03309305373525557
2018-10-12,Northside,1487,37,0.02488231338264963
2018-10-12,Roosevelt,4235,92,0.021723730814639904
2018-10-12,South,266,11,0.041353383458646614
2018-10-12,South Bend,481,15,0.031185031185031187
2018-10-13,87th Street,219,11,0.0502283105022831
2018-10-13,Clybourn,2105,60,0.028503562945368172
2018-10-13,Downer's Grove,2421,35,0.014456836018174308
2018-10-13,Glenview,1807,43,0.023796347537354733
2018-10-13,Homewood,1802,24,0.013318534961154272
2018-10-13,Libertyville,2331,44,0.018876018876018877
2018-10-13,Midtown,3189,97,0.03041705863907181
2018-10-13,Northside,1499,49,0.03268845897264843
2018-10-13,Roosevelt,4289,75,0.017486593611564467
2018-10-13,South,267,11,0.04119850187265917
2018-10-13,South Bend,477,20,0.041928721174004195
2018-10-14,87th Street,168,3,0.017857142857142856
2018-10-14,Clybourn,1595,43,0.026959247648902823
2018-10-14,Downer's Grove,2194,25,0.011394712853236098
2018-10-14,Glenview,1515,32,0.021122112211221122
2018-10-14,Homewood,1505,27,0.017940199335548173
2018-10-14,Libertyville,1915,34,0.017754569190600523
2018-10-14,Midtown,2318,70,0.030198446937014668
2018-10-14,Northside,1220,41,0.03360655737704918
2018-10-14,Roosevelt,3255,64,0.01966205837173579
2018-10-14,South,184,9,0.04891304347826087
2018-10-14,South Bend,378,13,0.03439153439153439
2018-10-15,87th Street,364,13,0.03571428571428571
2018-10-15,Clybourn,5707,52,0.009111617312072893
2018-10-15,Downer's Grove,7324,30,0.004096122337520481
2018-10-15,Glenview,7164,55,0.007677275265214964
2018-10-15,Homewood,4151,35,0.008431703204047217
2018-10-15,Libertyville,7532,42,0.0055762081784386614
2018-10-15,Midtown,4669,59,0.012636538873420432
2018-10-15,Northside,4110,30,0.0072992700729927005
2018-10-15,Roosevelt,11552,92,0.00796398891966759
2018-10-15,South,734,9,0.01226158038147139
2018-10-15,South Bend,1469,18,0.012253233492171545
2018-10-16,87th Street,243,8,0.03292181069958848
2018-10-16,Clybourn,4788,27,0.005639097744360902
2018-10-16,Downer's Grove,7790,34,0.0043645699614890884
2018-10-16,Glenview,8008,41,0.00511988011988012
2018-10-16,Homewood,4445,15,0.003374578177727784
2018-10-16,Libertyville,8380,41,0.004892601431980907
2018-10-16,Midtown,2728,34,0.012463343108504398
2018-10-16,Northside,3386,13,0.00383933845245127
2018-10-16,Roosevelt,13117,95,0.007242509720210414
2018-10-16,South,682,11,0.016129032258064516
2018-10-16,South Bend,2153,18,0.008360427310729215
2018-10-17,87th Street,246,12,0.04878048780487805
2018-10-17,Clybourn,5249,33,0.006286911792722423
2018-10-17,Downer's Grove,8113,33,0.004067545913965241
2018-10-17,Glenview,8274,37,0.004471839497220208
2018-10-17,Homewood,4756,27,0.0056770395290159795
2018-10-17,Libertyville,8571,45,0.005250262513125656
2018-10-17,Midtown,3102,29,0.009348807221147646
2018-10-17,Northside,3584,28,0.0078125
2018-10-17,Roosevelt,13437,107,0.007963086998585995
2018-10-17,South,674,4,0.005934718100890208
2018-10-17,South Bend,2066,10,0.00484027105517909
2018-10-18,87th Street,248,7,0.028225806451612902
2018-10-18,Clybourn,4768,41,0.008598993288590604
2018-10-18,Downer's Grove,7484,35,0.004676643506146445
2018-10-18,Glenview,7559,40,0.005291705252017462
2018-10-18,Homewood,4419,31,0.007015161801312514
2018-10-18,Libertyville,7871,38,0.0048278490661923515
2018-10-18,Midtown,2832,31,0.010946327683615819
2018-10-18,Northside,3237,8,0.002471424158171146
2018-10-18,Roosevelt,13107,104,0.007934691386282139
2018-10-18,South,617,7,0.011345218800648298
2018-10-18,South Bend,1784,12,0.006726457399103139
2018-10-19,87th Street,209,8,0.03827751196172249
2018-10-19,Clybourn,4808,30,0.006239600665557404
2018-10-19,Downer's Grove,7342,24,0.003268864069735767
2018-10-19,Glenview,7258,26,0.0035822540644805732
2018-10-19,Homewood,4119,21,0.005098324836125273
2018-10-19,Libertyville,7807,36,0.004611246317407455
2018-10-19,Midtown,2977,29,0.009741350352704065
2018-10-19,Northside,3053,20,0.006550933508024894
2018-10-19,Roosevelt,14375,104,0.007234782608695652
2018-10-19,South,595,11,0.018487394957983194
2018-10-19,South Bend,1872,18,0.009615384615384616
2018-10-20,87th Street,225,3,0.013333333333333334
2018-10-20,Clybourn,3623,20,0.005520287054926856
2018-10-20,Downer's Grove,6014,22,0.0036581310276022614
2018-10-20,Glenview,5397,42,0.007782101167315175
2018-10-20,Homewood,3498,27,0.007718696397941681
2018-10-20,Libertyville,6859,34,0.0049569908149876074
2018-10-20,Midtown,2770,29,0.010469314079422382
2018-10-20,Northside,2527,15,0.00593589236248516
2018-10-20,Roosevelt,11921,89,0.0074658166261219695
2018-10-20,South,546,14,0.02564102564102564
2018-10-20,South Bend,1445,9,0.006228373702422145
2018-10-21,87th Street,290,7,0.02413793103448276
2018-10-21,Clybourn,3383,29,0.008572273130357671
2018-10-21,Downer's Grove,6234,31,0.004972730189284569
2018-10-21,Glenview,6004,29,0.004830113257828114
2018-10-21,Homewood,3688,28,0.007592190889370932
2018-10-21,Libertyville,6833,41,0.006000292697204742
2018-10-21,Midtown,2588,36,0.013910355486862442
2018-10-21,Northside,2656,12,0.004518072289156626
2018-10-21,Roosevelt,10482,85,0.008109139477199007
2018-10-21,South,573,10,0.017452006980802792
2018-10-21,South Bend,1568,8,0.00510204081632653
2018-10-22,87th Street,1818,24,0.013201320132013201
2018-10-22,Clybourn,5476,47,0.00858290723155588
2018-10-22,Downer's Grove,8015,32,0.003992514036182159
2018-10-22,Glenview,7525,34,0.0045182724252491695
2018-10-22,Homewood,5064,34,0.006714060031595577
2018-10-22,Libertyville,8265,32,0.0038717483363581366
2018-10-22,Midtown,2868,39,0.013598326359832637
2018-10-22,Northside,4069,25,0.0061440157286802655
2018-10-22,Roosevelt,9670,55,0.005687693898655636
2018-10-22,South,834,8,0.009592326139088728
2018-10-22,South Bend,2003,12,0.005991013479780329
2018-10-23,87th Street,2395,34,0.014196242171189978
2018-10-23,Clybourn,5306,41,0.007727101394647569
2018-10-23,Downer's Grove,7565,27,0.00356906807666887
2018-10-23,Glenview,7009,26,0.0037095163361392496
2018-10-23,Homewood,5037,31,0.006154457018066309
2018-10-23,Libertyville,7849,37,0.004713976302713721
2018-10-23,Midtown,2575,34,0.01320388349514563
2018-10-23,Northside,4212,26,0.006172839506172839
2018-10-23,Roosevelt,8891,41,0.004611404791362052
2018-10-23,South,812,7,0.008620689655172414
2018-10-23,South Bend,2000,16,0.008
2018-10-24,87th Street,2417,40,0.016549441456350848
2018-10-24,Clybourn,5097,38,0.007455365901510693
2018-10-24,Downer's Grove,7802,23,0.0029479620610099976
2018-10-24,Glenview,7053,24,0.0034028073160357296
2018-10-24,Homewood,4992,33,0.006610576923076923
2018-10-24,Libertyville,7959,38,0.004774469154416384
2018-10-24,Midtown,2610,22,0.00842911877394636
2018-10-24,Northside,4213,16,0.0037977688108236413
2018-10-24,Roosevelt,8964,40,0.004462293618920125
2018-10-24,South,784,13,0.016581632653061226
2018-10-24,South Bend,1955,9,0.004603580562659846
2018-10-25,87th Street,2824,27,0.009560906515580737
2018-10-25,Clybourn,6473,34,0.005252587671867758
2018-10-25,Downer's Grove,12510,37,0.0029576338928856915
2018-10-25,Glenview,11195,24,0.002143814202769093
2018-10-25,Homewood,8816,29,0.003289473684210526
2018-10-25,Libertyville,12243,28,0.002287021154945683
2018-10-25,Midtown,2835,29,0.010229276895943563
2018-10-25,Northside,5732,25,0.004361479413817167
2018-10-25,Roosevelt,11389,50,0.004390201071209061
2018-10-25,South,1075,14,0.013023255813953489
2018-10-25,South Bend,5936,16,0.0026954177897574125
2018-10-26,87th Street,4550,22,0.004835164835164835
2018-10-26,Clybourn,8556,37,0.004324450677886863
2018-10-26,Downer's Grove,17102,48,0.0028066892761080577
2018-10-26,Glenview,13830,37,0.002675343456254519
2018-10-26,Homewood,12319,41,0.003328192223394756
2018-10-26,Libertyville,17373,50,0.0028780291256547516
2018-10-26,Midtown,4424,26,0.005877034358047016
2018-10-26,Northside,8386,41,0.004889100882423086
2018-10-26,Roosevelt,13678,47,0.0034361748793683288
2018-10-26,South,2185,14,0.006407322654462242
2018-10-26,South Bend,5723,9,0.0015726017822820198
2018-10-27,87th Street,4916,43,0.008746948738812042
2018-10-27,Clybourn,8060,37,0.0045905707196029774
2018-10-27,Downer's Grove,16912,48,0.002838221381267739
2018-10-27,Glenview,12937,34,0.002628120893561104
2018-10-27,Homewood,13497,39,0.00288953100689042
2018-10-27,Libertyville,17981,62,0.003448084088760358
2018-10-27,Midtown,4743,32,0.006746784735399536
2018-10-27,Northside,8154,30,0.003679175864606328
2018-10-27,Roosevelt,10891,29,0.002662749058855936
2018-10-27,South,2430,24,0.009876543209876543
2018-10-27,South Bend,6273,10,0.0015941335883947075
2018-10-28,87th Street,5471,44,0.008042405410345458
2018-10-28,Clybourn,9110,50,0.005488474204171241
2018-10-28,Downer's Grove,18304,52,0.002840909090909091
2018-10-28,Glenview,14220,43,0.0030239099859353026
2018-10-28,Homewood,25075,95,0.0037886340977068794
2018-10-28,Libertyville,19517,51,0.00261310652251883
2018-10-28,Midtown,5368,26,0.004843517138599106
2018-10-28,Northside,9075,33,0.0036363636363636364
2018-10-28,Roosevelt,12306,59,0.004794409231269299
2018-10-28,South,2582,22,0.008520526723470178
2018-10-28,South Bend,6930,20,0.002886002886002886
2018-10-29,87th Street,8347,60,0.007188211333413202
2018-10-29,Clybourn,18011,94,0.005219032813280773
2018-10-29,Downer's Grove,32402,107,0.0033022652922659094
2018-10-29,Glenview,34141,92,0.0026947072434902316
2018-10-29,Homewood,30272,115,0.0037988900634249472
2018-10-29,Libertyville,32453,93,0.002865682679567374
2018-10-29,Midtown,11677,62,0.005309582940823842
2018-10-29,Northside,15279,58,0.003796059951567511
2018-10-29,Roosevelt,20978,83,0.003956525884259701
2018-10-29,South,6224,28,0.004498714652956298
2018-10-29,South Bend,16191,45,0.0027793218454697055
2018-10-30,87th Street,6660,19,0.002852852852852853
2018-10-30,Clybourn,16328,60,0.0036746692797648213
2018-10-30,Downer's Grove,30688,106,0.003454118873826903
2018-10-30,Glenview,27318,88,0.003221319276667399
2018-10-30,Homewood,21886,71,0.0032440829754180754
2018-10-30,Libertyville,27733,87,0.0031370569357804783
2018-10-30,Midtown,11108,76,0.0068419157364061935
2018-10-30,Northside,14073,59,0.004192425211397712
2018-10-30,Roosevelt,17521,65,0.003709833913589407
2018-10-30,South,6179,30,0.004855154555753358
2018-10-30,South Bend,16177,45,0.0027817271434753045
2018-10-31,87th Street,6134,24,0.0039126181936746
2018-10-31,Clybourn,12224,56,0.004581151832460733
2018-10-31,Downer's Grove,21405,44,0.0020555944872693295
2018-10-31,Glenview,21530,76,0.0035299581978634463
2018-10-31,Homewood,19471,63,0.0032355811206409534
2018-10-31,Libertyville,21937,88,0.004011487441309204
2018-10-31,Midtown,9569,65,0.0067927683143484165
2018-10-31,Northside,11128,43,0.0038641265276779294
2018-10-31,Roosevelt,13625,54,0.003963302752293578
2018-10-31,South,5735,29,0.005056669572798605
2018-10-31,South Bend,15287,39,0.0025511872833126185
2018-11-01,87th Street,5033,22,0.004371150407311742
2018-11-01,Clybourn,16547,81,0.004895147156584275
2018-11-01,Downer's Grove,25769,85,0.0032985370018238968
2018-11-01,Glenview,25295,88,0.003478948408776438
2018-11-01,Homewood,21064,83,0.003940372199012533
2018-11-01,Libertyville,25234,77,0.003051438535309503
2018-11-01,Midtown,9943,65,0.0065372623956552346
2018-11-01,Northside,12760,42,0.0032915360501567397
2018-11-01,Roosevelt,19424,87,0.004478995057660626
2018-11-01,South,5183,27,0.0052093382211074665
2018-11-01,South Bend,15623,46,0.002944376880240671
2018-11-02,87th Street,3667,14,0.003817834742296155
2018-11-02,Clybourn,14807,72,0.004862565003039103
2018-11-02,Downer's Grove,23815,83,0.0034851984043669957
2018-11-02,Glenview,21017,76,0.003616120283579959
2018-11-02,Homewood,18695,80,0.004279219042524739
2018-11-02,Libertyville,24553,75,0.0030546165438032013
2018-11-02,Midtown,7997,55,0.0068775790921595595
2018-11-02,Northside,12169,49,0.0040266250308160076
2018-11-02,Roosevelt,17580,80,0.004550625711035267
2018-11-02,South,3705,21,0.005668016194331984
2018-11-02,South Bend,11410,34,0.0029798422436459245
2018-11-03,87th Street,2098,12,0.005719733079122974
2018-11-03,Clybourn,11485,80,0.006965607313887679
2018-11-03,Downer's Grove,20307,75,0.0036933077263997635
2018-11-03,Glenview,15789,66,0.004180125403762113
2018-11-03,Homewood,14329,84,0.005862237420615535
2018-11-03,Libertyville,20938,81,0.0038685643327920527
2018-11-03,Midtown,5834,42,0.007199177236887213
2018-11-03,Northside,10215,59,0.005775819872736172
2018-11-03,Roosevelt,13332,71,0.005325532553255325
2018-11-03,South,2240,17,0.007589285714285714
2018-11-03,South Bend,5022,24,0.0047789725209080045
2018-11-04,87th Street,2554,18,0.007047768206734534
2018-11-04,Clybourn,13317,67,0.005031163174889239
2018-11-04,Downer's Grove,21635,87,0.004021261844233881
2018-11-04,Glenview,19681,85,0.004318886235455515
2018-11-04,Homewood,17075,86,0.005036603221083455
2018-11-04,Libertyville,23373,99,0.004235656526761648
2018-11-04,Midtown,6581,49,0.007445676948791977
2018-11-04,Northside,11426,63,0.005513740591633117
2018-11-04,Roosevelt,14126,72,0.005096984284298457
2018-11-04,South,2642,19,0.007191521574564724
2018-11-04,South Bend,6518,31,0.004756060141147591
2018-11-05,87th Street,4140,20,0.004830917874396135
2018-11-05,Clybourn,14281,65,0.004551501995658567
2018-11-05,Downer's Grove,21404,78,0.00364417865819473
2018-11-05,Glenview,20200,58,0.0028712871287128712
2018-11-05,Homewood,17886,77,0.004305043050430504
2018-11-05,Libertyville,23495,97,0.004128537986805703
2018-11-05,Midtown,7112,52,0.007311586051743532
2018-11-05,Northside,12911,47,0.0036403067152040894
2018-11-05,Roosevelt,16109,63,0.003910857284747656
2018-11-05,South,3617,29,0.008017694221730716
2018-11-05,South Bend,7974,26,0.0032605969400551793
2018-11-06,87th Street,5464,44,0.008052708638360176
2018-11-06,Clybourn,13352,65,0.004868184541641701
2018-11-06,Downer's Grove,19753,66,0.003341264618032704
2018-11-06,Glenview,20456,73,0.003568635119280407
2018-11-06,Homewood,17681,66,0.0037328205418245574
2018-11-06,Libertyville,24002,91,0.003791350720773269
2018-11-06,Midtown,6211,49,0.007889228787634841
2018-11-06,Northside,12691,58,0.004570167835473958
2018-11-06,Roosevelt,17098,88,0.005146800795414668
2018-11-06,South,4115,23,0.005589307411907655
2018-11-06,South Bend,9347,32,0.0034235583609714348
2018-11-07,87th Street,5076,29,0.005713159968479117
2018-11-07,Clybourn,12981,67,0.005161389723441954
2018-11-07,Downer's Grove,20330,75,0.0036891293654697493
2018-11-07,Glenview,20088,63,0.0031362007168458782
2018-11-07,Homewood,17874,58,0.003244936779679982
2018-11-07,Libertyville,25024,94,0.003756393861892583
2018-11-07,Midtown,6569,39,0.005936976708783681
2018-11-07,Northside,12705,58,0.00456513183785911
2018-11-07,Roosevelt,19058,97,0.005089726099275895
2018-11-07,South,4225,31,0.0073372781065088755
2018-11-07,South Bend,8306,40,0.004815795810257645
2018-11-08,87th Street,4896,33,0.006740196078431373
2018-11-08,Clybourn,10985,48,0.004369594902139281
2018-11-08,Downer's Grove,19824,58,0.0029257465698143666
2018-11-08,Glenview,17759,73,0.0041105918126020605
2018-11-08,Homewood,18348,88,0.004796163069544364
2018-11-08,Libertyville,24606,98,0.003982768430464114
2018-11-08,Midtown,6668,41,0.00614877024595081
2018-11-08,Northside,11581,58,0.005008203091270184
2018-11-08,Roosevelt,19917,108,0.005422503389064619
2018-11-08,South,4315,37,0.008574739281575898
2018-11-08,South Bend,8496,34,0.004001883239171375
2018-11-09,87th Street,5528,36,0.006512301013024602
2018-11-09,Clybourn,11770,67,0.005692438402718777
2018-11-09,Downer's Grove,18102,70,0.0038669760247486465
2018-11-09,Glenview,18787,57,0.003034012881247671
2018-11-09,Homewood,18146,69,0.0038024909070869615
2018-11-09,Libertyville,23826,94,0.003945269873247712
2018-11-09,Midtown,6859,47,0.0068523108324828694
2018-11-09,Northside,11752,59,0.005020422055820286
2018-11-09,Roosevelt,18991,110,0.005792217366120794
2018-11-09,South,4927,38,0.00771260401867262
2018-11-09,South Bend,9787,41,0.004189230612036375
2018-11-10,87th Street,5051,50,0.009899029895070284
2018-11-10,Clybourn,11985,68,0.005673758865248227
2018-11-10,Downer's Grove,17630,80,0.0045377197958026095
2018-11-10,Glenview,19239,94,0.004885908831020323
2018-11-10,Homewood,17218,79,0.004588221628528284
2018-11-10,Libertyville,21701,112,0.0051610524860605505
2018-11-10,Midtown,5513,49,0.008888082713586069
2018-11-10,Northside,11463,64,0.005583180668236936
2018-11-10,Roosevelt,14745,114,0.007731434384537131
2018-11-10,South,4192,41,0.009780534351145039
2018-11-10,South Bend,7585,37,0.004878048780487805
2018-11-11,87th Street,5046,43,0.008521601268331352
2018-11-11,Clybourn,11882,73,0.006143746843965662
2018-11-11,Downer's Grove,18031,59,0.003272142421385392
2018-11-11,Glenview,20157,120,0.005953266855186784
2018-11-11,Homewood,18217,97,0.005324696711862546
2018-11-11,Libertyville,22910,89,0.0038847664775207335
2018-11-11,Midtown,6148,47,0.007644762524398178
2018-11-11,Northside,11711,46,0.003927931005037999
2018-11-11,Roosevelt,15975,93,0.0058215962441314556
2018-11-11,South,4308,33,0.00766016713091922
2018-11-11,South Bend,8026,31,0.003862447047096935
2018-11-12,87th Street,5446,25,0.004590525156077855
2018-11-12,Clybourn,10457,45,0.004303337477287941
2018-11-12,Downer's Grove,17443,69,0.003955741558218196
2018-11-12,Glenview,18379,72,0.003917514554654769
2018-11-12,Homewood,18669,83,0.0044458728373239055
2018-11-12,Libertyville,23465,105,0.004474749627104198
2018-11-12,Midtown,10902,61,0.005595303614015777
2018-11-12,Northside,10503,45,0.004284490145672665
2018-11-12,Roosevelt,17222,105,0.006096852862617582
2018-11-12,South,5155,30,0.005819592628516004
2018-11-12,South Bend,11656,45,0.003860672614962251
2018-11-13,87th Street,5175,34,0.006570048309178744
2018-11-13,Clybourn,9966,44,0.004415011037527594
2018-11-13,Downer's Grove,16518,68,0.004116721152681923
2018-11-13,Glenview,19247,90,0.004676053410921183
2018-11-13,Homewood,18488,89,0.004813933362180874
2018-11-13,Libertyville,22139,94,0.004245900898866254
2018-11-13,Midtown,12929,82,0.006342331193441101
2018-11-13,Northside,9120,43,0.004714912280701754
2018-11-13,Roosevelt,14259,106,0.00743390139560979
2018-11-13,South,4989,26,0.005211465223491682
2018-11-13,South Bend,11534,55,0.0047685104907230795
2018-11-14,87th Street,4931,28,0.005678361387142568
2018-11-14,Clybourn,10086,40,0.00396589331746976
2018-11-14,Downer's Grove,18452,73,0.003956210708866248
2018-11-14,Glenview,20384,72,0.003532182103610675
2018-11-14,Homewood,18159,85,0.004680874497494355
2018-11-14,Libertyville,21838,90,0.0041212565253228315
2018-11-14,Midtown,11656,73,0.006262868908716541
2018-11-14,Northside,9673,45,0.004652124470174713
2018-11-14,Roosevelt,13323,60,0.004503490204908804
2018-11-14,South,4337,29,0.006686649757897164
2018-11-14,South Bend,11260,33,0.002930728241563055
2018-11-15,87th Street,4562,35,0.0076720736519070585
2018-11-15,Clybourn,9521,50,0.0052515492070160695
2018-11-15,Downer's Grove,17518,55,0.003139627811393995
2018-11-15,Glenview,19559,64,0.0032721509279615524
2018-11-15,Homewood,16756,68,0.00405824779183576
2018-11-15,Libertyville,20744,96,0.004627844195912071
2018-11-15,Midtown,9901,70,0.00706999293000707
2018-11-15,Northside,8985,48,0.005342237061769616
2018-11-15,Roosevelt,11624,53,0.004559532002752925
2018-11-15,South,3886,15,0.0038600102933607824
2018-11-15,South Bend,10509,44,0.0041868874298220575
2018-11-16,87th Street,4378,20,0.0045682960255824575
2018-11-16,Clybourn,9065,47,0.005184776613348042
2018-11-16,Downer's Grove,15977,67,0.004193528196782876
2018-11-16,Glenview,17500,58,0.0033142857142857145
2018-11-16,Homewood,13992,78,0.005574614065180103
2018-11-16,Libertyville,16752,72,0.004297994269340974
2018-11-16,Midtown,9010,67,0.007436182019977803
2018-11-16,Northside,8396,38,0.004525964745116722
2018-11-16,Roosevelt,10101,54,0.005346005346005346
2018-11-16,South,3582,20,0.005583472920156337
2018-11-16,South Bend,9666,32,0.0033105731429753774
2018-11-17,87th Street,3273,22,0.006721662083715246
2018-11-17,Clybourn,7895,36,0.004559848005066498
2018-11-17,Downer's Grove,11483,60,0.005225115387964817
2018-11-17,Glenview,9778,41,0.004193086520760891
2018-11-17,Homewood,7457,42,0.005632291806356444
2018-11-17,Libertyville,10609,45,0.004241681591101895
2018-11-17,Midtown,7532,57,0.007567711099309612
2018-11-17,Northside,7678,31,0.004037509768168794
2018-11-17,Roosevelt,8672,44,0.00507380073800738
2018-11-17,South,2801,24,0.008568368439842914
2018-11-17,South Bend,7014,28,0.003992015968063872
2018-11-18,87th Street,4043,19,0.004699480583724957
2018-11-18,Clybourn,8680,38,0.004377880184331797
2018-11-18,Downer's Grove,12887,54,0.004190269263598976
2018-11-18,Glenview,12540,81,0.00645933014354067
2018-11-18,Homewood,7772,30,0.0038600102933607824
2018-11-18,Libertyville,11074,68,0.006140509301065559
2018-11-18,Midtown,8117,63,0.0077614882345694225
2018-11-18,Northside,8126,30,0.0036918533103618015
2018-11-18,Roosevelt,9232,46,0.00498266897746967
2018-11-18,South,3324,15,0.004512635379061372
2018-11-18,South Bend,9041,45,0.004977325517088817
2018-11-19,87th Street,5078,36,0.0070894052776683735
2018-11-19,Clybourn,11346,65,0.005728891239203244
2018-11-19,Downer's Grove,14638,60,0.004098920617570706
2018-11-19,Glenview,11756,72,0.006124532153793808
2018-11-19,Homewood,9428,51,0.005409418752651676
2018-11-19,Libertyville,11925,49,0.004109014675052411
2018-11-19,Midtown,7131,38,0.005328845884167719
2018-11-19,Northside,9542,47,0.004925592119052609
2018-11-19,Roosevelt,11201,47,0.004196053923756807
2018-11-19,South,4308,21,0.004874651810584958
2018-11-19,South Bend,10563,32,0.0030294423932594908
2018-11-20,87th Street,4823,29,0.006012855069458843
2018-11-20,Clybourn,11018,58,0.005264113269195862
2018-11-20,Downer's Grove,13283,51,0.003839494090190469
2018-11-20,Glenview,10825,67,0.006189376443418014
2018-11-20,Homewood,9141,46,0.005032272180286621
2018-11-20,Libertyville,11456,45,0.003928072625698324
2018-11-20,Midtown,6214,49,0.007885420019311232
2018-11-20,Northside,8986,41,0.004562653015802359
2018-11-20,Roosevelt,10428,53,0.00508247027234369
2018-11-20,South,4166,23,0.005520883341334613
2018-11-20,South Bend,10222,30,0.002934846409704559
2018-11-21,87th Street,4150,25,0.006024096385542169
2018-11-21,Clybourn,9671,44,0.004549684624134009
2018-11-21,Downer's Grove,11310,42,0.003713527851458886
2018-11-21,Glenview,8773,46,0.005243360310042175
2018-11-21,Homewood,8670,41,0.004728950403690888
2018-11-21,Libertyville,10399,61,0.005865948648908549
2018-11-21,Midtown,5471,37,0.0067629318223359535
2018-11-21,Northside,8253,46,0.005573730764570459
2018-11-21,Roosevelt,9201,57,0.006194978806651451
2018-11-21,South,3803,30,0.007888509071785432
2018-11-21,South Bend,9191,24,0.0026112501360026114
2018-11-22,87th Street,2843,21,0.007386563489271896
2018-11-22,Clybourn,7984,50,0.006262525050100201
2018-11-22,Downer's Grove,10113,34,0.0033620092949668743
2018-11-22,Glenview,7751,46,0.005934718100890208
2018-11-22,Homewood,7834,51,0.0065100842481490935
2018-11-22,Libertyville,9262,58,0.006262146404664219
2018-11-22,Midtown,4111,53,0.012892240330819751
2018-11-22,Northside,7305,44,0.006023271731690623
2018-11-22,Roosevelt,7212,39,0.005407653910149751
2018-11-22,South,2632,21,0.007978723404255319
2018-11-22,South Bend,6005,23,0.0038301415487094087
2018-11-23,87th Street,2862,18,0.006289308176100629
2018-11-23,Clybourn,8101,43,0.005307986668312554
2018-11-23,Downer's Grove,10092,30,0.002972651605231867
2018-11-23,Glenview,7564,42,0.005552617662612375
2018-11-23,Homewood,7464,53,0.00710075026795284
2018-11-23,Libertyville,9288,43,0.004629629629629629
2018-11-23,Midtown,4110,33,0.008029197080291971
2018-11-23,Northside,7085,35,0.004940014114326041
2018-11-23,Roosevelt,7326,34,0.004641004641004641
2018-11-23,South,2697,20,0.007415647015202077
2018-11-23,South Bend,5615,31,0.005520926090828139
2018-11-24,87th Street,2179,12,0.005507113354749885
2018-11-24,Clybourn,7183,43,0.005986356675483781
2018-11-24,Downer's Grove,10245,45,0.004392386530014641
2018-11-24,Glenview,7237,33,0.0045599005112615726
2018-11-24,Homewood,8461,36,0.004254816215577355
2018-11-24,Libertyville,10314,53,0.0051386464999030445
2018-11-24,Midtown,3787,27,0.007129654079746501
2018-11-24,Northside,6480,23,0.0035493827160493828
2018-11-24,Roosevelt,7353,41,0.005575955392356861
2018-11-24,South,2163,20,0.009246417013407305
2018-11-24,South Bend,6422,24,0.003737153534724385
2018-11-25,87th Street,2038,27,0.01324828263002944
2018-11-25,Clybourn,7987,53,0.0066357831476148744
2018-11-25,Downer's Grove,9789,41,0.0041883747063029934
2018-11-25,Glenview,6909,50,0.007236937328122739
2018-11-25,Homewood,10330,46,0.004453049370764763
2018-11-25,Libertyville,10181,41,0.004027109321284746
2018-11-25,Midtown,3967,27,0.006806150743634989
2018-11-25,Northside,5859,21,0.0035842293906810036
2018-11-25,Roosevelt,8533,35,0.004101722723543888
2018-11-25,South,1957,15,0.007664793050587634
2018-11-25,South Bend,7207,30,0.004162619675315666
2018-11-26,87th Street,2106,24,0.011396011396011397
2018-11-26,Clybourn,5901,43,0.007286900525334689
2018-11-26,Downer's Grove,8607,36,0.004182642035552457
2018-11-26,Glenview,7290,45,0.006172839506172839
2018-11-26,Homewood,7873,41,0.005207671789660866
2018-11-26,Libertyville,8213,44,0.005357360282478997
2018-11-26,Midtown,2927,24,0.008199521694567818
2018-11-26,Northside,4773,31,0.006494866959983239
2018-11-26,Roosevelt,8918,47,0.005270239964117515
2018-11-26,South,1862,21,0.011278195488721804
2018-11-26,South Bend,9014,36,0.0039937874417572666
2018-11-27,87th Street,2341,20,0.00854335753951303
2018-11-27,Clybourn,6182,42,0.006793917825946296
2018-11-27,Downer's Grove,9621,50,0.005196964972456085
2018-11-27,Glenview,8560,49,0.005724299065420561
2018-11-27,Homewood,7991,35,0.004379927418345639
2018-11-27,Libertyville,9385,39,0.004155567394778903
2018-11-27,Midtown,2941,21,0.007140428425705543
2018-11-27,Northside,4983,33,0.006622516556291391
2018-11-27,Roosevelt,10495,42,0.004001905669366365
2018-11-27,South,1935,15,0.007751937984496124
2018-11-27,South Bend,9462,26,0.002747833439019235
2018-11-28,87th Street,2358,33,0.013994910941475827
2018-11-28,Clybourn,6591,41,0.006220603853739948
2018-11-28,Downer's Grove,10304,48,0.004658385093167702
2018-11-28,Glenview,9597,48,0.005001562988433885
2018-11-28,Homewood,8398,56,0.006668254346272922
2018-11-28,Libertyville,9715,41,0.004220277920741122
2018-11-28,Midtown,2950,24,0.008135593220338983
2018-11-28,Northside,5275,34,0.0064454976303317535
2018-11-28,Roosevelt,9742,53,0.00544036132211045
2018-11-28,South,1934,27,0.013960703205791106
2018-11-28,South Bend,9188,32,0.0034828036569438396
2018-11-29,87th Street,2308,15,0.006499133448873483
2018-11-29,Clybourn,6441,53,0.008228535941623972
2018-11-29,Downer's Grove,10504,57,0.0054265041888804265
2018-11-29,Glenview,9861,36,0.0036507453605111044
2018-11-29,Homewood,8537,54,0.006325407051657491
2018-11-29,Libertyville,9951,53,0.00532609787961009
2018-11-29,Midtown,3014,30,0.009953550099535502
2018-11-29,Northside,5378,25,0.0046485682409817776
2018-11-29,Roosevelt,9726,53,0.00544931112482007
2018-11-29,South,1985,28,0.014105793450881612
2018-11-29,South Bend,10218,37,0.00362106087296927
2018-11-30,87th Street,2376,23,0.00968013468013468
2018-11-30,Clybourn,6468,42,0.006493506493506494
2018-11-30,Downer's Grove,10308,38,0.0036864571206829647
2018-11-30,Glenview,9132,38,0.004161191414805081
2018-11-30,Homewood,8183,52,0.006354637663448613
2018-11-30,Libertyville,9056,43,0.004748233215547703
2018-11-30,Midtown,2981,22,0.007380073800738007
2018-11-30,Northside,5362,21,0.0039164490861618795
2018-11-30,Roosevelt,9644,48,0.004977187888842804
2018-11-30,South,1968,21,0.010670731707317074
2018-11-30,South Bend,8820,19,0.0021541950113378684
2018-12-01,87th Street,2058,18,0.008746355685131196
2018-12-01,Clybourn,5184,45,0.008680555555555556
2018-12-01,Downer's Grove,8972,50,0.005572893446277307
2018-12-01,Glenview,7857,40,0.005091001654575537
2018-12-01,Homewood,7511,37,0.0049261083743842365
2018-12-01,Libertyville,7834,51,0.0065100842481490935
2018-12-01,Midtown,2579,30,0.011632415664986429
2018-12-01,Northside,5326,31,0.005820503191888847
2018-12-01,Roosevelt,7393,42,0.00568104964155282
2018-12-01,South,1983,14,0.0070600100857286935
2018-12-01,South Bend,6617,22,0.0033247695330210067
2018-12-02,87th Street,1950,18,0.009230769230769232
2018-12-02,Clybourn,4921,37,0.007518796992481203
2018-12-02,Downer's Grove,8743,35,0.0040032025620496394
2018-12-02,Glenview,7186,53,0.007375452268299471
2018-12-02,Homewood,7383,58,0.00785588514154138
2018-12-02,Libertyville,7581,28,0.003693444136657433
2018-12-02,Midtown,2336,26,0.01113013698630137
2018-12-02,Northside,5315,24,0.00451552210724365
2018-12-02,Roosevelt,6037,40,0.006625807520291536
2018-12-02,South,1763,14,0.007941009642654566
2018-12-02,South Bend,6706,19,0.0028332836266030423
2018-12-03,87th Street,4905,40,0.00815494393476045
2018-12-03,Clybourn,7528,30,0.003985122210414453
2018-12-03,Downer's Grove,10645,24,0.002254579614842649
2018-12-03,Glenview,8348,25,0.002994729276473407
2018-12-03,Homewood,8216,41,0.0049902629016553065
2018-12-03,Libertyville,9233,35,0.0037907505686125853
2018-12-03,Midtown,4138,16,0.0038666022232962784
2018-12-03,Northside,9910,29,0.0029263370332996974
2018-12-03,Roosevelt,8212,45,0.005479785679493424
2018-12-03,South,3225,16,0.00496124031007752
2018-12-03,South Bend,9258,28,0.003024411319939512
2018-12-04,87th Street,5788,43,0.007429163787145819
2018-12-04,Clybourn,6855,38,0.0055433989788475566
2018-12-04,Downer's Grove,10258,24,0.0023396373562097877
2018-12-04,Glenview,7227,26,0.0035976200359762005
2018-12-04,Homewood,8093,44,0.005436797232175955
2018-12-04,Libertyville,8518,38,0.004461141112937309
2018-12-04,Midtown,4592,28,0.006097560975609756
2018-12-04,Northside,10152,33,0.0032505910165484633
2018-12-04,Roosevelt,7537,38,0.005041793817168635
2018-12-04,South,4110,23,0.00559610705596107
2018-12-04,South Bend,8874,16,0.001803020058598152
2018-12-05,87th Street,5737,52,0.009063970716402301
2018-12-05,Clybourn,6255,24,0.0038369304556354917
2018-12-05,Downer's Grove,9337,27,0.0028917211095641
2018-12-05,Glenview,6650,35,0.005263157894736842
2018-12-05,Homewood,7476,40,0.005350454788657036
2018-12-05,Libertyville,7950,28,0.003522012578616352
2018-12-05,Midtown,4264,15,0.003517823639774859
2018-12-05,Northside,9242,30,0.003246050638389959
2018-12-05,Roosevelt,7106,29,0.004081058260624824
2018-12-05,South,3581,17,0.004747277296844457
2018-12-05,South Bend,8423,29,0.003442953816929835
2018-12-06,87th Street,5696,54,0.009480337078651686
2018-12-06,Clybourn,6069,34,0.0056022408963585435
2018-12-06,Downer's Grove,8376,31,0.0037010506208213943
2018-12-06,Glenview,6249,28,0.004480716914706353
2018-12-06,Homewood,7417,34,0.004584063637589322
2018-12-06,Libertyville,7581,27,0.003561535417491096
2018-12-06,Midtown,4343,24,0.005526134008749712
2018-12-06,Northside,9847,46,0.004671473545242205
2018-12-06,Roosevelt,7072,31,0.004383484162895928
2018-12-06,South,3670,35,0.009536784741144414
2018-12-06,South Bend,8343,34,0.0040752726836869235
2018-12-07,87th Street,5069,30,0.005918327086210298
2018-12-07,Clybourn,5271,17,0.0032251944602542213
2018-12-07,Downer's Grove,7107,24,0.0033769523005487546
2018-12-07,Glenview,7709,25,0.0032429627707873912
2018-12-07,Homewood,10601,49,0.004622205452315819
2018-12-07,Libertyville,9544,20,0.0020955574182732607
2018-12-07,Midtown,3805,13,0.003416557161629435
2018-12-07,Northside,8391,54,0.006435466571326421
2018-12-07,Roosevelt,6411,40,0.006239276243955701
2018-12-07,South,3322,17,0.005117399157134257
2018-12-07,South Bend,7760,26,0.0033505154639175256
2018-12-08,87th Street,3987,39,0.009781790820165538
2018-12-08,Clybourn,4461,28,0.006276619592019726
2018-12-08,Downer's Grove,6319,25,0.003956322202880202
2018-12-08,Glenview,6419,22,0.0034273251285246924
2018-12-08,Homewood,9948,46,0.004624045034177724
2018-12-08,Libertyville,8063,27,0.0033486295423539626
2018-12-08,Midtown,2889,14,0.004845967462789893
2018-12-08,Northside,7067,39,0.005518607612848451
2018-12-08,Roosevelt,5011,36,0.007184194771502694
2018-12-08,South,2486,15,0.006033789219629927
2018-12-08,South Bend,6145,23,0.0037428803905614322
2018-12-09,87th Street,4632,41,0.00885146804835924
2018-12-09,Clybourn,4807,24,0.00499271895152902
2018-12-09,Downer's Grove,6939,28,0.004035163568237498
2018-12-09,Glenview,6938,36,0.0051888152205246466
2018-12-09,Homewood,10983,51,0.004643540016388965
2018-12-09,Libertyville,8845,27,0.0030525720746184285
2018-12-09,Midtown,3386,13,0.00383933845245127
2018-12-09,Northside,7812,36,0.004608294930875576
2018-12-09,Roosevelt,5421,42,0.00774764803541782
2018-12-09,South,2882,12,0.004163775156141568
2018-12-09,South Bend,6892,18,0.00261172373766686
2018-12-10,87th Street,5492,47,0.008557902403495994
2018-12-10,Clybourn,5799,34,0.005863079841351957
2018-12-10,Downer's Grove,8022,28,0.0034904013961605585
2018-12-10,Glenview,8351,30,0.003592384145611304
2018-12-10,Homewood,11759,56,0.004762309720214304
2018-12-10,Libertyville,10185,38,0.0037309769268532157
2018-12-10,Midtown,4052,22,0.005429417571569595
2018-12-10,Northside,8762,43,0.00490755535265921
2018-12-10,Roosevelt,6643,36,0.005419238295950625
2018-12-10,South,3664,23,0.006277292576419214
2018-12-10,South Bend,8440,20,0.002369668246445498
2018-12-11,87th Street,4120,31,0.007524271844660194
2018-12-11,Clybourn,6064,29,0.0047823218997361475
2018-12-11,Downer's Grove,8709,33,0.0037891836031691355
2018-12-11,Glenview,8160,26,0.0031862745098039215
2018-12-11,Homewood,11656,53,0.004547014413177762
2018-12-11,Libertyville,10395,27,0.0025974025974025974
2018-12-11,Midtown,4700,26,0.005531914893617021
2018-12-11,Northside,8499,51,0.006000705965407695
2018-12-11,Roosevelt,6423,49,0.007628833878250039
2018-12-11,South,3314,20,0.006035003017501509
2018-12-11,South Bend,7660,28,0.0036553524804177544
2018-12-12,87th Street,3470,16,0.004610951008645533
2018-12-12,Clybourn,9564,47,0.004914261815140109
2018-12-12,Downer's Grove,11914,43,0.0036091992613731744
2018-12-12,Glenview,12372,42,0.0033947623666343357
2018-12-12,Homewood,11669,43,0.0036849772902562343
2018-12-12,Libertyville,14851,68,0.0045788162413305505
2018-12-12,Midtown,5302,45,0.008487363259147491
2018-12-12,Northside,11843,54,0.004559655492696107
2018-12-12,Roosevelt,8691,45,0.0051777701070072485
2018-12-12,South,3334,20,0.00599880023995201
2018-12-12,South Bend,8355,23,0.0027528426092160384
2018-12-13,87th Street,3727,23,0.006171183257311511
2018-12-13,Clybourn,10018,53,0.005290477141145937
2018-12-13,Downer's Grove,18283,70,0.0038286933216649345
2018-12-13,Glenview,14528,59,0.0040611233480176215
2018-12-13,Homewood,11738,34,0.002896575225762481
2018-12-13,Libertyville,15194,64,0.004212189021982361
2018-12-13,Midtown,5512,45,0.00816400580551524
2018-12-13,Northside,12351,61,0.00493887134644968
2018-12-13,Roosevelt,9226,57,0.006178192065900715
2018-12-13,South,3612,18,0.0049833887043189366
2018-12-13,South Bend,11378,33,0.0029003339778519953
2018-12-14,87th Street,3804,20,0.005257623554153523
2018-12-14,Clybourn,9924,44,0.004433696090286175
2018-12-14,Downer's Grove,16304,67,0.004109421000981354
2018-12-14,Glenview,14384,63,0.004379866518353727
2018-12-14,Homewood,11602,65,0.0056024823306326495
2018-12-14,Libertyville,13392,49,0.003658900836320191
2018-12-14,Midtown,5519,43,0.007791266533792354
2018-12-14,Northside,11896,69,0.005800268997982515
2018-12-14,Roosevelt,9216,41,0.004448784722222222
2018-12-14,South,3572,15,0.0041993281075028
2018-12-14,South Bend,13975,37,0.0026475849731663684
2018-12-15,87th Street,2713,19,0.007003317360855142
2018-12-15,Clybourn,7333,37,0.0050456838947224875
2018-12-15,Downer's Grove,14766,62,0.004198835161858323
2018-12-15,Glenview,12040,38,0.0031561461794019936
2018-12-15,Homewood,10680,59,0.0055243445692883895
2018-12-15,Libertyville,11721,43,0.003668628956573671
2018-12-15,Midtown,4367,34,0.007785665216395695
2018-12-15,Northside,10242,77,0.0075180628783440735
2018-12-15,Roosevelt,7031,46,0.0065424548428388565
2018-12-15,South,2808,19,0.006766381766381766
2018-12-15,South Bend,10704,36,0.0033632286995515697
2018-12-16,87th Street,3404,13,0.00381903642773208
2018-12-16,Clybourn,9164,43,0.0046922741161065035
2018-12-16,Downer's Grove,18242,67,0.0036728428900339874
2018-12-16,Glenview,15402,61,0.003960524607193871
2018-12-16,Homewood,11694,60,0.00513083632632119
2018-12-16,Libertyville,14426,60,0.0041591570774989605
2018-12-16,Midtown,5220,44,0.00842911877394636
2018-12-16,Northside,11252,62,0.005510131532172059
2018-12-16,Roosevelt,8344,51,0.006112176414189837
2018-12-16,South,3426,16,0.004670169293636894
2018-12-16,South Bend,12600,38,0.003015873015873016
2018-12-17,87th Street,3848,29,0.007536382536382537
2018-12-17,Clybourn,10210,35,0.0034280117531831538
2018-12-17,Downer's Grove,19114,43,0.0022496599351260857
2018-12-17,Glenview,15543,58,0.0037315833494177444
2018-12-17,Homewood,12879,60,0.004658746797111577
2018-12-17,Libertyville,16607,56,0.003372072017823809
2018-12-17,Midtown,7726,49,0.006342221071705928
2018-12-17,Northside,11698,54,0.004616173704906822
2018-12-17,Roosevelt,10373,48,0.004627398052636652
2018-12-17,South,4373,30,0.00686027898467871
2018-12-17,South Bend,13618,50,0.0036716111029519755
2018-12-18,87th Street,3255,13,0.0039938556067588326
2018-12-18,Clybourn,9308,29,0.003115599484314568
2018-12-18,Downer's Grove,18043,59,0.003269966191874965
2018-12-18,Glenview,13804,55,0.0039843523616343085
2018-12-18,Homewood,12458,54,0.004334564135495264
2018-12-18,Libertyville,15759,50,0.003172790151659369
2018-12-18,Midtown,6797,60,0.008827423863469177
2018-12-18,Northside,11092,44,0.003966822935448972
2018-12-18,Roosevelt,9637,57,0.005914703745979039
2018-12-18,South,3577,16,0.004473022085546547
2018-12-18,South Bend,11855,48,0.004048924504428511
2018-12-19,87th Street,3937,21,0.005334010668021336
2018-12-19,Clybourn,9534,30,0.0031466331025802393
2018-12-19,Downer's Grove,18112,56,0.0030918727915194345
2018-12-19,Glenview,14423,53,0.0036746862649934134
2018-12-19,Homewood,12455,50,0.004014452027298274
2018-12-19,Libertyville,15633,45,0.0028785261945883708
2018-12-19,Midtown,7587,52,0.006853828917885858
2018-12-19,Northside,11361,49,0.004313000616142945
2018-12-19,Roosevelt,9919,53,0.0053432805726383705
2018-12-19,South,4410,36,0.00816326530612245
2018-12-19,South Bend,13271,48,0.0036169090498078516
2018-12-20,87th Street,1508,8,0.005305039787798408
2018-12-20,Clybourn,4804,27,0.005620316402997502
2018-12-20,Downer's Grove,13253,33,0.0024900022636384217
2018-12-20,Glenview,9552,30,0.00314070351758794
2018-12-20,Homewood,10352,50,0.004829984544049459
2018-12-20,Libertyville,12191,41,0.0033631367402181937
2018-12-20,Midtown,5414,44,0.008127077946065755
2018-12-20,Northside,6258,36,0.005752636625119847
2018-12-20,Roosevelt,7696,72,0.009355509355509356
2018-12-20,South,2133,17,0.007969995311767463
2018-12-20,South Bend,7516,28,0.0037253858435337944
2018-12-21,87th Street,5856,42,0.007172131147540984
2018-12-21,Clybourn,12328,59,0.004785853341985723
2018-12-21,Downer's Grove,8838,26,0.0029418420457116997
2018-12-21,Glenview,5749,27,0.004696468951121934
2018-12-21,Homewood,20969,77,0.0036720873670656683
2018-12-21,Libertyville,21472,77,0.003586065573770492
2018-12-21,Midtown,12254,86,0.007018116533376856
2018-12-21,Northside,14053,60,0.004269550985554686
2018-12-21,Roosevelt,14303,90,0.006292386212682654
2018-12-21,South,8087,46,0.005688141461605045
2018-12-21,South Bend,15924,53,0.0033283094699824165
2018-12-22,87th Street,10672,64,0.005997001499250375
2018-12-22,Clybourn,10639,53,0.00498167120970016
2018-12-22,Downer's Grove,6432,26,0.00404228855721393
2018-12-22,Glenview,3734,14,0.003749330476700589
2018-12-22,Homewood,17745,60,0.0033812341504649195
2018-12-22,Libertyville,19065,89,0.004668240230789405
2018-12-22,Midtown,10411,68,0.006531553164921718
2018-12-22,Northside,12414,55,0.004430481714193652
2018-12-22,Roosevelt,11906,66,0.005543423483957669
2018-12-22,South,7577,38,0.0050151775108882145
2018-12-22,South Bend,15198,51,0.003355704697986577
2018-12-23,87th Street,7851,44,0.0056043816074385425
2018-12-23,Clybourn,10287,51,0.004957713619130942
2018-12-23,Downer's Grove,6104,22,0.0036041939711664484
2018-12-23,Glenview,3646,21,0.00575973669775096
2018-12-23,Homewood,16811,64,0.003807031110582357
2018-12-23,Libertyville,18622,85,0.004564493609708947
2018-12-23,Midtown,10450,66,0.00631578947368421
2018-12-23,Northside,12466,46,0.0036900369003690036
2018-12-23,Roosevelt,11912,69,0.0057924781732706515
2018-12-23,South,7378,42,0.0056925996204933585
2018-12-23,South Bend,14752,40,0.0027114967462039045
2018-12-24,87th Street,7644,38,0.004971219256933543
2018-12-24,Clybourn,10867,54,0.004969172724763044
2018-12-24,Downer's Grove,6771,27,0.003987594151528578
2018-12-24,Glenview,4201,16,0.0038086169959533444
2018-12-24,Homewood,17526,68,0.003879949788885085
2018-12-24,Libertyville,19454,93,0.004780507864706487
2018-12-24,Midtown,11128,65,0.005841121495327103
2018-12-24,Northside,12059,53,0.004395057633302927
2018-12-24,Roosevelt,13205,71,0.005376751230594471
2018-12-24,South,7864,54,0.006866734486266531
2018-12-24,South Bend,15123,59,0.0039013423262580175
2018-12-25,87th Street,6613,45,0.006804778466656586
2018-12-25,Clybourn,9663,52,0.00538135154713857
2018-12-25,Downer's Grove,4036,21,0.005203171456888008
2018-12-25,Glenview,1995,11,0.005513784461152882
2018-12-25,Homewood,16355,71,0.004341180067257719
2018-12-25,Libertyville,15696,92,0.005861365953109072
2018-12-25,Midtown,10026,88,0.008777179333732297
2018-12-25,Northside,10811,51,0.004717417445194709
2018-12-25,Roosevelt,11109,71,0.006391214330722837
2018-12-25,South,7147,48,0.0067161046592976075
2018-12-25,South Bend,15160,78,0.005145118733509235
2018-12-26,87th Street,6056,41,0.006770145310435931
2018-12-26,Clybourn,8968,65,0.007247992863514719
2018-12-26,Downer's Grove,3757,19,0.005057226510513707
2018-12-26,Glenview,1819,11,0.006047278724573941
2018-12-26,Homewood,15915,62,0.0038956958843857996
2018-12-26,Libertyville,14917,90,0.006033384728832875
2018-12-26,Midtown,10598,85,0.008020381204000756
2018-12-26,Northside,9135,53,0.0058018609742747675
2018-12-26,Roosevelt,11393,64,0.005617484420258053
2018-12-26,South,6399,38,0.005938427879356149
2018-12-26,South Bend,14406,54,0.003748438150770512
2018-12-27,87th Street,6103,47,0.007701130591512371
2018-12-27,Clybourn,8434,46,0.005454114299264881
2018-12-27,Downer's Grove,2807,14,0.004987531172069825
2018-12-27,Glenview,448,3,0.006696428571428571
2018-12-27,Homewood,15740,85,0.0054002541296060995
2018-12-27,Libertyville,13857,77,0.005556758317096053
2018-12-27,Midtown,10259,67,0.006530850960132567
2018-12-27,Northside,8822,54,0.006121060983903877
2018-12-27,Roosevelt,10532,48,0.004557538928978352
2018-12-27,South,5982,50,0.008358408559010365
2018-12-27,South Bend,14517,56,0.0038575463249982777
2018-12-28,87th Street,5601,30,0.005356186395286556
2018-12-28,Clybourn,8047,44,0.005467876227165404
2018-12-28,Downer's Grove,2798,14,0.005003573981415297
2018-12-28,Glenview,402,8,0.01990049751243781
2018-12-28,Homewood,15387,80,0.005199194124910639
2018-12-28,Libertyville,13326,74,0.005553054179798889
2018-12-28,Midtown,9661,76,0.00786668046786047
2018-12-28,Northside,8540,55,0.006440281030444965
2018-12-28,Roosevelt,9802,60,0.006121199755152009
2018-12-28,South,5612,35,0.006236635780470421
2018-12-28,South Bend,14237,54,0.003792933904614736
2018-12-29,87th Street,5378,41,0.0076236519152101155
2018-12-29,Clybourn,7709,44,0.005707614476585809
2018-12-29,Downer's Grove,2876,11,0.0038247566063977748
2018-12-29,Glenview,409,5,0.012224938875305624
2018-12-29,Homewood,15131,56,0.0037010111691229927
2018-12-29,Libertyville,12672,72,0.005681818181818182
2018-12-29,Midtown,9256,58,0.006266205704407952
2018-12-29,Northside,8675,29,0.0033429394812680116
2018-12-29,Roosevelt,8720,65,0.007454128440366973
2018-12-29,South,5356,47,0.008775205377147125
2018-12-29,South Bend,13773,53,0.0038481086183111885
2018-12-30,87th Street,4785,36,0.007523510971786834
2018-12-30,Clybourn,6869,48,0.006987916727325666
2018-12-30,Downer's Grove,2834,17,0.005998588567395907
2018-12-30,Glenview,408,11,0.02696078431372549
2018-12-30,Homewood,13888,70,0.005040322580645161
2018-12-30,Libertyville,11841,56,0.004729330293049574
2018-12-30,Midtown,8123,53,0.006524682998892035
2018-12-30,Northside,7856,32,0.004073319755600814
2018-12-30,Roosevelt,7785,45,0.005780346820809248
2018-12-30,South,4935,31,0.006281661600810537
2018-12-30,South Bend,10073,47,0.004665938647870545
2018-12-31,87th Street,312,10,0.03205128205128205
2018-12-31,Clybourn,685,5,0.0072992700729927005
2018-12-31,Downer's Grove,1568,6,0.003826530612244898
2018-12-31,Glenview,361,1,0.002770083102493075
2018-12-31,Homewood,1349,17,0.012601927353595256
2018-12-31,Libertyville,1572,13,0.00826972010178117
2018-12-31,Midtown,534,5,0.009363295880149813
2018-12-31,Northside,1034,6,0.005802707930367505
2018-12-31,Roosevelt,636,10,0.015723270440251572
2018-12-31,South,312,9,0.028846153846153848
2018-12-31,South Bend,705,2,0.0028368794326241137
2019-02-01,87th Street,241,2,0.008298755186721992
2019-02-01,Clybourn,487,4,0.008213552361396304
2019-02-01,Downer's Grove,1080,9,0.008333333333333333
2019-02-01,Glenview,894,4,0.0044742729306487695
2019-02-01,Homewood,715,12,0.016783216783216783
2019-02-01,Libertyville,941,8,0.008501594048884165
2019-02-01,Midtown,251,8,0.03187250996015936
2019-02-01,Northside,659,8,0.012139605462822459
2019-02-01,Roosevelt,562,13,0.023131672597864767
2019-02-01,South,126,10,0.07936507936507936
2019-02-01,South Bend,302,4,0.013245033112582781
2019-02-02,87th Street,668,12,0.017964071856287425
2019-02-02,Clybourn,417,4,0.009592326139088728
2019-02-02,Downer's Grove,1008,5,0.00496031746031746
2019-02-02,Glenview,828,0,0.0
2019-02-02,Homewood,660,9,0.013636363636363636
2019-02-02,Libertyville,822,9,0.010948905109489052
2019-02-02,Midtown,237,1,0.004219409282700422
2019-02-02,Northside,584,11,0.018835616438356163
2019-02-02,Roosevelt,462,9,0.01948051948051948
2019-02-02,South,141,4,0.028368794326241134
2019-02-02,South Bend,292,5,0.017123287671232876
2019-02-03,87th Street,1137,1,0.0008795074758135445
2019-02-03,Clybourn,464,5,0.010775862068965518
2019-02-03,Downer's Grove,1048,12,0.011450381679389313
2019-02-03,Glenview,932,6,0.006437768240343348
2019-02-03,Homewood,629,7,0.011128775834658187
2019-02-03,Libertyville,821,7,0.008526187576126675
2019-02-03,Midtown,243,5,0.0205761316872428
2019-02-03,Northside,676,0,0.0
2019-02-03,Roosevelt,444,4,0.009009009009009009
2019-02-03,South,135,2,0.014814814814814815
2019-02-03,South Bend,250,11,0.044
2019-02-04,87th Street,1386,12,0.008658008658008658
2019-02-04,Clybourn,895,10,0.0111731843575419
2019-02-04,Downer's Grove,2057,13,0.006319883325230919
2019-02-04,Glenview,1622,9,0.005548705302096177
2019-02-04,Homewood,1655,14,0.008459214501510574
2019-02-04,Libertyville,1580,6,0.0037974683544303796
2019-02-04,Midtown,500,8,0.016
2019-02-04,Northside,1082,10,0.009242144177449169
2019-02-04,Roosevelt,1171,7,0.005977796754910333
2019-02-04,South,326,5,0.015337423312883436
2019-02-04,South Bend,830,8,0.00963855421686747
2019-02-05,87th Street,2313,15,0.00648508430609598
2019-02-05,Clybourn,995,9,0.009045226130653266
2019-02-05,Downer's Grove,2134,13,0.006091846298031865
2019-02-05,Glenview,1777,15,0.008441193021947102
2019-02-05,Homewood,1683,16,0.009506833036244802
2019-02-05,Libertyville,1644,7,0.004257907542579075
2019-02-05,Midtown,551,14,0.025408348457350273
2019-02-05,Northside,1102,10,0.009074410163339383
2019-02-05,Roosevelt,1724,8,0.004640371229698376
2019-02-05,South,500,7,0.014
2019-02-05,South Bend,881,9,0.01021566401816118
2019-02-06,87th Street,3471,15,0.00432152117545376
2019-02-06,Clybourn,1376,4,0.0029069767441860465
2019-02-06,Downer's Grove,3220,13,0.004037267080745342
2019-02-06,Glenview,2637,13,0.004929844520288207
2019-02-06,Homewood,2753,11,0.003995641118779513
2019-02-06,Libertyville,2482,14,0.0056406124093473006
2019-02-06,Midtown,867,7,0.008073817762399077
2019-02-06,Northside,1602,9,0.0056179775280898875
2019-02-06,Roosevelt,2174,13,0.005979760809567618
2019-02-06,South,885,8,0.00903954802259887
2019-02-06,South Bend,1334,13,0.009745127436281859
2019-02-07,87th Street,2490,11,0.004417670682730923
2019-02-07,Clybourn,4707,41,0.008710431272572764
2019-02-07,Downer's Grove,5764,18,0.003122831367106176
2019-02-07,Glenview,4500,23,0.005111111111111111
2019-02-07,Homewood,3732,26,0.006966773847802787
2019-02-07,Libertyville,6145,43,0.006997558991049634
2019-02-07,Midtown,2932,27,0.009208731241473396
2019-02-07,Northside,3535,46,0.013012729844413012
2019-02-07,Roosevelt,5610,39,0.006951871657754011
2019-02-07,South,1685,19,0.011275964391691394
2019-02-07,South Bend,1672,10,0.005980861244019139
2019-02-08,87th Street,1597,31,0.019411396368190358
2019-02-08,Clybourn,11573,152,0.013134018836948069
2019-02-08,Downer's Grove,8433,85,0.01007944978062374
2019-02-08,Glenview,6150,51,0.008292682926829269
2019-02-08,Homewood,5733,66,0.011512297226582941
2019-02-08,Libertyville,12409,110,0.008864533806108469
2019-02-08,Midtown,7288,109,0.01495609220636663
2019-02-08,Northside,7155,75,0.010482180293501049
2019-02-08,Roosevelt,11397,153,0.013424585417215057
2019-02-08,South,3867,64,0.016550297388156193
2019-02-08,South Bend,2323,31,0.01334481274214378
2019-02-09,87th Street,1849,25,0.01352082206598161
2019-02-09,Clybourn,19854,259,0.013045230180316308
2019-02-09,Downer's Grove,12669,128,0.010103402004893835
2019-02-09,Glenview,8019,70,0.008729267988527249
2019-02-09,Homewood,7902,109,0.013793976208554796
2019-02-09,Libertyville,17152,171,0.009969682835820896
2019-02-09,Midtown,10280,157,0.01527237354085603
2019-02-09,Northside,11099,175,0.015767186232993963
2019-02-09,Roosevelt,14926,257,0.01721827683237304
2019-02-09,South,5539,83,0.014984654269723776
2019-02-09,South Bend,3213,51,0.015873015873015872
2019-02-10,87th Street,1912,22,0.011506276150627616
2019-02-10,Clybourn,20480,258,0.01259765625
2019-02-10,Downer's Grove,15154,130,0.008578593110729841
2019-02-10,Glenview,9419,89,0.00944898609194182
2019-02-10,Homewood,9642,124,0.012860402406139806
2019-02-10,Libertyville,20125,179,0.008894409937888198
2019-02-10,Midtown,11597,153,0.013193067172544624
2019-02-10,Northside,11902,158,0.013275079818517896
2019-02-10,Roosevelt,15870,218,0.01373660995589162
2019-02-10,South,6067,79,0.01302126256799077
2019-02-10,South Bend,3872,53,0.01368801652892562
2019-02-11,87th Street,2406,50,0.020781379883624274
2019-02-11,Clybourn,16455,163,0.009905803707079915
2019-02-11,Downer's Grove,13842,120,0.008669267446900737
2019-02-11,Glenview,10125,88,0.008691358024691358
2019-02-11,Homewood,9878,105,0.010629682121887021
2019-02-11,Libertyville,24986,206,0.008244616985511887
2019-02-11,Midtown,14557,200,0.013739094593666278
2019-02-11,Northside,14633,205,0.014009430738741202
2019-02-11,Roosevelt,25013,318,0.012713389037700395
2019-02-11,South,10930,166,0.015187557182067704
2019-02-11,South Bend,4820,60,0.012448132780082987
2019-02-12,87th Street,2549,35,0.013730874852883483
2019-02-12,Clybourn,10232,88,0.008600469116497263
2019-02-12,Downer's Grove,13936,115,0.008252009184845005
2019-02-12,Glenview,9776,106,0.010842880523731587
2019-02-12,Homewood,10832,121,0.011170605612998524
2019-02-12,Libertyville,23003,210,0.009129244011650654
2019-02-12,Midtown,13927,195,0.014001579665398148
2019-02-12,Northside,13030,195,0.014965464313123561
2019-02-12,Roosevelt,26243,359,0.013679838433105971
2019-02-12,South,11863,190,0.016016184776194892
2019-02-12,South Bend,5400,61,0.011296296296296296
2019-02-13,87th Street,1765,39,0.02209631728045326
2019-02-13,Clybourn,10433,80,0.007667976612671331
2019-02-13,Downer's Grove,12557,61,0.004857848212152584
2019-02-13,Glenview,9598,75,0.007814127943321526
2019-02-13,Homewood,9123,79,0.008659432204318755
2019-02-13,Libertyville,15510,104,0.00670535138620245
2019-02-13,Midtown,8985,96,0.010684474123539232
2019-02-13,Northside,10317,96,0.009305030532131433
2019-02-13,Roosevelt,15174,171,0.011269276393831554
2019-02-13,South,6656,80,0.01201923076923077
2019-02-13,South Bend,3471,42,0.012100259291270527
2019-02-14,87th Street,1568,33,0.021045918367346938
2019-02-14,Clybourn,4853,59,0.012157428394807336
2019-02-14,Downer's Grove,9701,71,0.007318833109988661
2019-02-14,Glenview,7616,71,0.009322478991596638
2019-02-14,Homewood,6924,81,0.01169844020797227
2019-02-14,Libertyville,11603,99,0.008532276135482204
2019-02-14,Midtown,8740,119,0.013615560640732265
2019-02-14,Northside,10462,170,0.01624928311986236
2019-02-14,Roosevelt,15384,209,0.01358554342173687
2019-02-14,South,6504,111,0.017066420664206643
2019-02-14,South Bend,2497,39,0.015618742490989187
2019-02-15,87th Street,351,4,0.011396011396011397
2019-02-15,Clybourn,1215,10,0.00823045267489712
2019-02-15,Downer's Grove,3147,9,0.002859866539561487
2019-02-15,Glenview,2455,15,0.006109979633401222
2019-02-15,Homewood,2044,13,0.006360078277886497
2019-02-15,Libertyville,3207,16,0.004989086373557842
2019-02-15,Midtown,1478,11,0.007442489851150203
2019-02-15,Northside,2444,22,0.00900163666121113
2019-02-15,Roosevelt,2602,19,0.007302075326671791
2019-02-15,South,1181,13,0.01100762066045724
2019-02-15,South Bend,717,6,0.008368200836820083
2019-02-16,87th Street,347,7,0.020172910662824207
2019-02-16,Clybourn,979,9,0.009193054136874362
2019-02-16,Downer's Grove,2848,18,0.006320224719101123
2019-02-16,Glenview,2087,15,0.007187350263536177
2019-02-16,Homewood,1996,19,0.009519038076152305
2019-02-16,Libertyville,2945,21,0.007130730050933786
2019-02-16,Midtown,1797,10,0.005564830272676683
2019-02-16,Northside,2221,16,0.007203962179198559
2019-02-16,Roosevelt,2005,23,0.011471321695760598
2019-02-16,South,1104,6,0.005434782608695652
2019-02-16,South Bend,669,13,0.01943198804185351
2019-02-17,87th Street,339,3,0.008849557522123894
2019-02-17,Clybourn,1005,11,0.010945273631840797
2019-02-17,Downer's Grove,2886,17,0.00589050589050589
2019-02-17,Glenview,2263,12,0.005302695536897923
2019-02-17,Homewood,1967,14,0.0071174377224199285
2019-02-17,Libertyville,2955,28,0.009475465313028765
2019-02-17,Midtown,1415,10,0.007067137809187279
2019-02-17,Northside,2197,20,0.009103322712790168
2019-02-17,Roosevelt,2031,26,0.012801575578532743
2019-02-17,South,1024,12,0.01171875
2019-02-17,South Bend,699,8,0.011444921316165951
2019-02-18,87th Street,379,1,0.002638522427440633
2019-02-18,Clybourn,1240,15,0.012096774193548387
2019-02-18,Downer's Grove,3252,17,0.0052275522755227555
2019-02-18,Glenview,2532,23,0.009083728278041074
2019-02-18,Homewood,2191,9,0.004107713372889092
2019-02-18,Libertyville,3248,23,0.00708128078817734
2019-02-18,Midtown,1436,12,0.008356545961002786
2019-02-18,Northside,2655,18,0.006779661016949152
2019-02-18,Roosevelt,2520,21,0.008333333333333333
2019-02-18,South,1093,9,0.008234217749313814
2019-02-18,South Bend,726,9,0.012396694214876033
2019-02-19,87th Street,750,10,0.013333333333333334
2019-02-19,Clybourn,1757,12,0.006829823562891292
2019-02-19,Downer's Grove,3344,29,0.008672248803827751
2019-02-19,Glenview,2777,20,0.007202016564638099
2019-02-19,Homewood,2768,16,0.005780346820809248
2019-02-19,Libertyville,3469,30,0.008648025367541078
2019-02-19,Midtown,1350,11,0.008148148148148147
2019-02-19,Northside,2435,14,0.005749486652977412
2019-02-19,Roosevelt,2444,14,0.0057283142389525366
2019-02-19,South,1093,3,0.0027447392497712718
2019-02-19,South Bend,740,2,0.002702702702702703
2019-02-20,87th Street,979,6,0.006128702757916241
2019-02-20,Clybourn,2059,8,0.003885381253035454
2019-02-20,Downer's Grove,3528,11,0.0031179138321995466
2019-02-20,Glenview,2789,19,0.006812477590534241
2019-02-20,Homewood,3339,19,0.0056903264450434265
2019-02-20,Libertyville,3668,21,0.0057251908396946565
2019-02-20,Midtown,1364,21,0.015395894428152493
2019-02-20,Northside,2184,15,0.006868131868131868
2019-02-20,Roosevelt,2059,18,0.008742107819329771
2019-02-20,South,1167,11,0.009425878320479864
2019-02-20,South Bend,748,5,0.0066844919786096255
2019-02-21,87th Street,852,11,0.012910798122065728
2019-02-21,Clybourn,1704,16,0.009389671361502348
2019-02-21,Downer's Grove,3069,9,0.002932551319648094
2019-02-21,Glenview,2432,13,0.005345394736842105
2019-02-21,Homewood,2759,23,0.008336353751359188
2019-02-21,Libertyville,3178,14,0.004405286343612335
2019-02-21,Midtown,1081,11,0.010175763182238668
2019-02-21,Northside,1859,19,0.010220548682087143
2019-02-21,Roosevelt,1764,5,0.002834467120181406
2019-02-21,South,939,6,0.006389776357827476
2019-02-21,South Bend,625,10,0.016
2019-02-22,87th Street,970,12,0.012371134020618556
2019-02-22,Clybourn,1853,13,0.007015650296815974
2019-02-22,Downer's Grove,3146,11,0.0034965034965034965
2019-02-22,Glenview,2456,18,0.007328990228013029
2019-02-22,Homewood,2981,19,0.00637370010063737
2019-02-22,Libertyville,3335,8,0.0023988005997001498
2019-02-22,Midtown,1293,8,0.006187161639597835
2019-02-22,Northside,1862,11,0.005907626208378088
2019-02-22,Roosevelt,1910,14,0.007329842931937173
2019-02-22,South,1147,10,0.008718395815170008
2019-02-22,South Bend,680,0,0.0
2019-02-23,87th Street,1008,11,0.010912698412698412
2019-02-23,Clybourn,1601,8,0.004996876951905059
2019-02-23,Downer's Grove,2905,14,0.004819277108433735
2019-02-23,Glenview,2315,8,0.0034557235421166306
2019-02-23,Homewood,3000,23,0.007666666666666666
2019-02-23,Libertyville,3167,21,0.006630880959898958
2019-02-23,Midtown,1339,8,0.00597460791635549
2019-02-23,Northside,1706,8,0.004689331770222743
2019-02-23,Roosevelt,1457,9,0.0061770761839396015
2019-02-23,South,1139,10,0.00877963125548727
2019-02-23,South Bend,645,5,0.007751937984496124
2019-02-24,87th Street,969,12,0.01238390092879257
2019-02-24,Clybourn,1753,20,0.011409013120365089
2019-02-24,Downer's Grove,3217,19,0.005906123717749456
2019-02-24,Glenview,2461,13,0.005282405526208858
2019-02-24,Homewood,3110,16,0.005144694533762058
2019-02-24,Libertyville,3415,18,0.005270863836017569
2019-02-24,Midtown,1345,9,0.006691449814126394
2019-02-24,Northside,1886,12,0.006362672322375398
2019-02-24,Roosevelt,1565,5,0.003194888178913738
2019-02-24,South,1068,5,0.0046816479400749065
2019-02-24,South Bend,716,11,0.015363128491620111
2019-02-25,87th Street,1317,18,0.01366742596810934
2019-02-25,Clybourn,2405,11,0.004573804573804574
2019-02-25,Downer's Grove,4237,24,0.005664385178192117
2019-02-25,Glenview,3630,16,0.004407713498622589
2019-02-25,Homewood,3234,11,0.003401360544217687
2019-02-25,Libertyville,4305,13,0.0030197444831591173
2019-02-25,Midtown,1792,17,0.009486607142857142
2019-02-25,Northside,2621,9,0.0034338038916444107
2019-02-25,Roosevelt,2574,8,0.003108003108003108
2019-02-25,South,1459,16,0.010966415352981495
2019-02-25,South Bend,927,8,0.008629989212513484
2019-02-26,87th Street,1464,21,0.014344262295081968
2019-02-26,Clybourn,2880,19,0.006597222222222222
2019-02-26,Downer's Grove,5728,35,0.006110335195530726
2019-02-26,Glenview,5026,15,0.0029844807003581377
2019-02-26,Homewood,3855,29,0.007522697795071336
2019-02-26,Libertyville,5584,23,0.0041189111747851
2019-02-26,Midtown,2452,22,0.00897226753670473
2019-02-26,Northside,3792,18,0.004746835443037975
2019-02-26,Roosevelt,3672,15,0.004084967320261438
2019-02-26,South,2005,20,0.00997506234413965
2019-02-26,South Bend,1156,9,0.007785467128027681
2019-02-27,87th Street,1049,11,0.010486177311725452
2019-02-27,Clybourn,2113,19,0.008991954566966399
2019-02-27,Downer's Grove,3810,11,0.0028871391076115485
2019-02-27,Glenview,3517,20,0.005686664771111743
2019-02-27,Homewood,2597,13,0.0050057758952637655
2019-02-27,Libertyville,3794,24,0.0063257775434897206
2019-02-27,Midtown,1791,16,0.00893355667225014
2019-02-27,Northside,2771,17,0.006134969325153374
2019-02-27,Roosevelt,2761,16,0.005795001810938066
2019-02-27,South,1490,17,0.011409395973154362
2019-02-27,South Bend,803,10,0.012453300124533
2019-02-28,87th Street,1642,21,0.012789281364190013
2019-02-28,Clybourn,2591,15,0.005789270551910459
2019-02-28,Downer's Grove,4224,23,0.005445075757575758
2019-02-28,Glenview,3960,25,0.006313131313131313
2019-02-28,Homewood,2810,13,0.004626334519572953
2019-02-28,Libertyville,4441,32,0.007205584327854087
2019-02-28,Midtown,2543,14,0.005505308690523005
2019-02-28,Northside,3401,26,0.007644810349897089
2019-02-28,Roosevelt,3418,19,0.005558806319485079
2019-02-28,South,2206,25,0.011332728921124207
2019-02-28,South Bend,995,12,0.012060301507537688
2019-03-01,87th Street,1284,5,0.003894080996884735
2019-03-01,Clybourn,2322,20,0.008613264427217916
2019-03-01,Downer's Grove,3769,20,0.005306447333510215
2019-03-01,Glenview,3549,23,0.006480698788391096
2019-03-01,Homewood,2583,21,0.008130081300813009
2019-03-01,Libertyville,4022,22,0.005469915464942815
2019-03-01,Midtown,2082,19,0.009125840537944284
2019-03-01,Northside,2932,20,0.0068212824010914054
2019-03-01,Roosevelt,2862,25,0.008735150244584208
2019-03-01,South,1966,14,0.007121057985757884
2019-03-01,South Bend,856,7,0.008177570093457943
2019-03-02,87th Street,1036,16,0.015444015444015444
2019-03-02,Clybourn,1859,16,0.008606777837547068
2019-03-02,Downer's Grove,3536,23,0.006504524886877828
2019-03-02,Glenview,3146,25,0.007946598855689765
2019-03-02,Homewood,2475,7,0.0028282828282828283
2019-03-02,Libertyville,3646,26,0.007131102578167855
2019-03-02,Midtown,1826,18,0.009857612267250822
2019-03-02,Northside,2457,14,0.005698005698005698
2019-03-02,Roosevelt,2064,16,0.007751937984496124
2019-03-02,South,1471,19,0.01291638341264446
2019-03-02,South Bend,734,4,0.005449591280653951
2019-03-03,87th Street,1228,16,0.013029315960912053
2019-03-03,Clybourn,2257,25,0.011076650420912717
2019-03-03,Downer's Grove,4520,21,0.004646017699115044
2019-03-03,Glenview,3970,24,0.006045340050377834
2019-03-03,Homewood,3192,18,0.005639097744360902
2019-03-03,Libertyville,4769,32,0.006710002096875656
2019-03-03,Midtown,2130,13,0.006103286384976526
2019-03-03,Northside,2969,14,0.004715392388009431
2019-03-03,Roosevelt,2579,15,0.0058162078324932144
2019-03-03,South,1771,8,0.004517221908526256
2019-03-03,South Bend,1074,5,0.004655493482309125
2019-03-04,87th Street,1188,8,0.006734006734006734
2019-03-04,Clybourn,3274,24,0.007330482590103849
2019-03-04,Downer's Grove,4709,15,0.003185389679337439
2019-03-04,Glenview,4163,27,0.006485707422531828
2019-03-04,Homewood,3472,22,0.006336405529953917
2019-03-04,Libertyville,5432,20,0.003681885125184094
2019-03-04,Midtown,2430,13,0.005349794238683128
2019-03-04,Northside,3114,19,0.0061014771997430954
2019-03-04,Roosevelt,4308,19,0.0044103992571959145
2019-03-04,South,1477,17,0.011509817197020988
2019-03-04,South Bend,1124,7,0.006227758007117438
2019-03-05,87th Street,797,14,0.01756587202007528
2019-03-05,Clybourn,2510,15,0.00597609561752988
2019-03-05,Downer's Grove,3216,31,0.009639303482587064
2019-03-05,Glenview,2647,17,0.006422364941443143
2019-03-05,Homewood,2221,5,0.0022512381809995496
2019-03-05,Libertyville,3702,20,0.005402485143165856
2019-03-05,Midtown,1624,12,0.007389162561576354
2019-03-05,Northside,1916,13,0.006784968684759917
2019-03-05,Roosevelt,3066,26,0.008480104370515329
2019-03-05,South,757,10,0.013210039630118891
2019-03-05,South Bend,716,3,0.004189944134078212
2019-03-06,87th Street,1185,10,0.008438818565400843
2019-03-06,Clybourn,3685,19,0.005156037991858887
2019-03-06,Downer's Grove,6343,31,0.004887277313574019
2019-03-06,Glenview,4909,21,0.004277856997351803
2019-03-06,Homewood,3747,12,0.0032025620496397116
2019-03-06,Libertyville,4344,28,0.006445672191528545
2019-03-06,Midtown,2664,7,0.002627627627627628
2019-03-06,Northside,3242,11,0.003392967304133251
2019-03-06,Roosevelt,4684,25,0.00533731853116994
2019-03-06,South,1217,11,0.009038619556285949
2019-03-06,South Bend,887,13,0.014656144306651634
2019-03-07,87th Street,4216,20,0.004743833017077799
2019-03-07,Clybourn,12943,53,0.004094877539983002
2019-03-07,Downer's Grove,23823,41,0.001721025899340973
2019-03-07,Glenview,18471,41,0.002219695739266959
2019-03-07,Homewood,12854,42,0.0032674653804263265
2019-03-07,Libertyville,6995,31,0.004431736954967834
2019-03-07,Midtown,8666,47,0.005423494114931918
2019-03-07,Northside,11304,33,0.00291932059447983
2019-03-07,Roosevelt,14725,56,0.003803056027164686
2019-03-07,South,4139,27,0.006523314810340662
2019-03-07,South Bend,1428,11,0.007703081232492998
2019-03-08,87th Street,2985,18,0.006030150753768844
2019-03-08,Clybourn,10131,39,0.0038495706248149247
2019-03-08,Downer's Grove,16308,59,0.0036178562668628894
2019-03-08,Glenview,12541,38,0.0030300613986125506
2019-03-08,Homewood,8250,24,0.002909090909090909
2019-03-08,Libertyville,9740,30,0.003080082135523614
2019-03-08,Midtown,7080,33,0.004661016949152543
2019-03-08,Northside,8128,32,0.003937007874015748
2019-03-08,Roosevelt,11654,47,0.004032950060065214
2019-03-08,South,3121,14,0.004485741749439282
2019-03-08,South Bend,1829,9,0.004920721705850191
2019-03-09,87th Street,13163,68,0.005165995593709641
2019-03-09,Clybourn,42711,196,0.004588981761138817
2019-03-09,Downer's Grove,64385,200,0.003106313582356139
2019-03-09,Glenview,53778,171,0.00317973892669865
2019-03-09,Homewood,26889,90,0.0033470936070512107
2019-03-09,Libertyville,44005,179,0.004067719577320759
2019-03-09,Midtown,29198,147,0.005034591410370573
2019-03-09,Northside,37004,114,0.0030807480272402985
2019-03-09,Roosevelt,48705,219,0.004496458269171543
2019-03-09,South,12547,62,0.004941420259823065
2019-03-09,South Bend,9803,47,0.004794450678363766
2019-03-10,87th Street,11233,57,0.005074334549986646
2019-03-10,Clybourn,28488,159,0.005581297388374052
2019-03-10,Downer's Grove,42082,164,0.0038971531771303646
2019-03-10,Glenview,28308,136,0.004804295605482549
2019-03-10,Homewood,26563,119,0.004479915672175583
2019-03-10,Libertyville,32515,143,0.004397970167614947
2019-03-10,Midtown,21202,101,0.0047637015375907935
2019-03-10,Northside,24727,133,0.0053787357948800905
2019-03-10,Roosevelt,28074,158,0.005627983187290732
2019-03-10,South,11100,66,0.005945945945945946
2019-03-10,South Bend,11385,39,0.0034255599472990776
2019-03-11,87th Street,10509,57,0.005423922352269483
2019-03-11,Clybourn,24096,139,0.00576859229747676
2019-03-11,Downer's Grove,29816,133,0.004460692245774081
2019-03-11,Glenview,28225,78,0.002763507528786537
2019-03-11,Homewood,26881,138,0.0051337375841672556
2019-03-11,Libertyville,32123,151,0.004700681754506117
2019-03-11,Midtown,18013,101,0.005607061566646311
2019-03-11,Northside,25852,127,0.004912579297539842
2019-03-11,Roosevelt,30411,139,0.004570714544079445
2019-03-11,South,12886,71,0.005509855657302499
2019-03-11,South Bend,10126,49,0.004839028244124037
2019-03-12,87th Street,9448,48,0.005080440304826418
2019-03-12,Clybourn,19256,108,0.005608641462401329
2019-03-12,Downer's Grove,37870,115,0.003036704515447584
2019-03-12,Glenview,26398,102,0.0038639290855367833
2019-03-12,Homewood,23718,129,0.005438907159119656
2019-03-12,Libertyville,36067,178,0.0049352593783791275
2019-03-12,Midtown,17460,97,0.005555555555555556
2019-03-12,Northside,27198,128,0.0047062283991469965
2019-03-12,Roosevelt,30988,138,0.00445333677552601
2019-03-12,South,15330,75,0.004892367906066536
2019-03-12,South Bend,8839,45,0.005091073650865483
2019-03-13,87th Street,10613,61,0.005747667954395553
2019-03-13,Clybourn,21333,108,0.005062579102798481
2019-03-13,Downer's Grove,32257,142,0.004402145270793936
2019-03-13,Glenview,28601,122,0.00426558511940142
2019-03-13,Homewood,25801,112,0.004340917018720205
2019-03-13,Libertyville,38588,175,0.0045350886285891985
2019-03-13,Midtown,19248,118,0.0061305070656691605
2019-03-13,Northside,30053,137,0.004558613116826939
2019-03-13,Roosevelt,35981,181,0.005030432728384425
2019-03-13,South,17312,91,0.005256469500924214
2019-03-13,South Bend,10318,54,0.0052335723977515024
2019-03-14,87th Street,8179,47,0.00574642376818682
2019-03-14,Clybourn,19794,96,0.004849954531676266
2019-03-14,Downer's Grove,36587,143,0.003908492087353431
2019-03-14,Glenview,27322,109,0.003989459043993851
2019-03-14,Homewood,20484,111,0.005418863503222027
2019-03-14,Libertyville,26993,125,0.004630830215240988
2019-03-14,Midtown,17625,81,0.004595744680851064
2019-03-14,Northside,23039,123,0.00533877338426147
2019-03-14,Roosevelt,31199,125,0.004006538671111254
2019-03-14,South,14999,75,0.005000333355557037
2019-03-14,South Bend,9850,46,0.0046700507614213195
